{"name": "cdm25_gempipe", "exchanges": {"EX_pydxn_e": -0.009725734, "EX_na1_e": -12.19066195, "EX_ala__L_e": -2.69390504, "EX_cys__L_e": -1.07301451, "EX_asp__L_e": -3.155451042, "EX_ile__L_e": -1.600853789, "EX_gly_e": -2.331157586, "EX_gua_e": -0.0661682, "EX_lys__L_e": -3.009781791, "EX_h2o_e": -1000.0, "EX_met__L_e": -0.837756689, "EX_ade_e": -0.074002812, "EX_thymd_e": -0.020641539, "EX_arg__L_e": -0.717566016, "EX_pnto__R_e": -0.004196919, "EX_o2_e": -0.2096875, "EX_pi_e": -42.48157966, "EX_ins_e": -0.018640788, "EX_glc__D_e": -25, "EX_thr__L_e": -1.888851578, "EX_nac_e": -0.008122817, "EX_mn2_e": -0.134807226, "EX_phe__L_e": -1.664749682, "EX_ura_e": -0.089215616, "EX_orot_e": -0.032031365, "EX_trp__L_e": -0.244823213, "EX_btn_e": -0.010232901, "EX_h_e": -0.001, "EX_tyr__L_e": -1.379767095, "EX_his__L_e": -0.966806316, "EX_fol_e": -0.002265519, "EX_nh4_e": -5.318382608, "EX_ser__L_e": -3.235229749, "EX_glu__L_e": -3.398355196, "EX_4abz_e": -0.072918186, "EX_xan_e": -0.065741897, "EX_ribflv_e": -0.002657031, "EX_pydam_e": -0.020737423, "EX_thm_e": -0.002964984, "EX_val__L_e": -2.774268447, "EX_leu__L_e": -3.621116829, "EX_cit_e": -2.652637163, "EX_co2_e": -22.72727273, "EX_pro__L_e": -5.862937549}}